<?xml version="1.0" encoding="UTF-8" standalone="no"?>
<ssf:SSF xmlns:ssf="http://abnamro/ssf" xsi:schemaLocation="http://abnamro/ssf FRIM_METADATA.xsd" xmlns:xsi="http://www.w3.org/2001/XMLSchema-instance">
  <Metadata>
    <FileName>EntraCard_CFxGUA_2022102614435444_PAYLOAD.zip</FileName>
    <FileDeliveryEntity>EntraCard</FileDeliveryEntity>
    <SSFTableName>CFxGUA</SSFTableName>
    <FileReportingDate>2022-09-30</FileReportingDate>
    <FileReportingPeriod>EOM</FileReportingPeriod>
    <ReportingEntities>
      <ReportingEntity>203689</ReportingEntity>
    </ReportingEntities>
    <PeriodVersion>V1</PeriodVersion>
    <DeliverySet>5F</DeliverySet>
    <RedeliveryNumber>0</RedeliveryNumber>
    <FileDeliveryTimestamp>2022-10-26T14:43:54.000000000</FileDeliveryTimestamp>
    <FileComment>2022Q4V1</FileComment>
    <XSDVersion>2022Q4V1</XSDVersion>
    <TotalNumberOfRecords>135602</TotalNumberOfRecords>
    <MD5Code>9110c29e062fef9e952655c82a7e2a4d</MD5Code>
  </Metadata>
</ssf:SSF>