<?xml version="1.0" encoding="UTF-8"?><ssf:SSF xmlns:xsi="http://www.w3.org/2001/XMLSchema-instance" xmlns:ssf="http://abnamro/ssf" xsi:schemaLocation="http://abnamro/ssf FRIM_METADATA.xsd"><Metadata><FileName>VIENNA_COLxFP_2023072319063010_PAYLOAD.zip</FileName><FileDeliveryEntity>VIENNA</FileDeliveryEntity><SSFTableName>COLxFP</SSFTableName><FileReportingDate>2023-06-30</FileReportingDate><FileReportingPeriod>EOM</FileReportingPeriod><ReportingEntities><ReportingEntity>425041</ReportingEntity><ReportingEntity>201193</ReportingEntity><ReportingEntity>203694</ReportingEntity><ReportingEntity>208292</ReportingEntity></ReportingEntities><PeriodVersion>V1</PeriodVersion><DeliverySet>5F</DeliverySet><RedeliveryNumber>0</RedeliveryNumber><FileDeliveryTimestamp>2023-07-23T19:06:30.1</FileDeliveryTimestamp><FileComment>Hotfix 0</FileComment><XSDVersion>2023Q2V1</XSDVersion><TotalNumberOfRecords>1761350</TotalNumberOfRecords><MD5Code>4cea685e2157890dbb5ac2dc05e01933</MD5Code></Metadata></ssf:SSF>
